Time,Value
0.000000,0.900000
0.033333,0.904000
0.066667,0.874544
0.100000,0.845501
0.133333,0.818185
0.166667,0.791437
0.200000,0.765282
0.233333,0.740058
0.266667,0.715859
0.300000,0.692557
0.333333,0.669988
0.366667,0.648061
0.400000,0.626766
0.433333,0.606134
0.466667,0.586194
0.500000,0.566948
0.533333,0.548373
0.566667,0.530432
0.600000,0.513082
0.633333,0.496289
0.666667,0.480027
0.700000,0.464281
0.733333,0.449039
0.766667,0.434292
0.800000,0.420031
0.833333,0.406242
0.866667,0.392911
0.900000,0.380022
0.933333,0.367559
0.966667,0.355504
1.000000,0.343845
1.033333,0.332566
1.066667,0.321657
1.100000,0.311105
1.133333,0.300899
1.166667,0.291030
1.200000,0.281486
1.233333,0.272258
1.266667,0.263333
1.300000,0.254702
1.333333,0.246355
1.366667,0.238281
1.400000,0.230471
1.433333,0.222915
1.466667,0.215605
1.500000,0.208534
1.533333,0.201693
1.566667,0.195075
1.600000,0.188674
1.633333,0.182483
1.666667,0.176495
1.700000,0.170705
1.733333,0.165106
1.766667,0.159692
1.800000,0.154457
1.833333,0.149395
1.866667,0.144500
1.900000,0.139766
1.933333,0.135188
1.966667,0.130760
2.000000,0.126477
2.033333,0.122334
2.066667,0.118325
2.100000,0.114447
2.133333,0.110695
2.166667,0.107065
2.200000,0.103554
2.233333,0.100157
2.266667,0.096871
2.300000,0.093694
2.333333,0.090623
2.366667,0.087654
2.400000,0.084784
2.433333,0.082011
2.466667,0.079332
2.500000,0.076743
2.533333,0.074242
2.566667,0.071825
2.600000,0.069489
2.633333,0.067230
2.666667,0.065047
2.700000,0.062935
2.733333,0.060891
2.766667,0.058913
2.800000,0.056997
2.833333,0.055142
2.866667,0.053345
2.900000,0.051604
2.933333,0.049917
2.966667,0.048282
3.000000,0.046699
3.033333,0.045166
3.066667,0.043682
3.100000,0.042246
3.133333,0.040857
3.166667,0.039513
3.200000,0.038215
3.233333,0.036961
3.266667,0.035749
3.300000,0.034579
3.333333,0.033450
3.366667,0.032359
3.400000,0.031306
3.433333,0.030289
3.466667,0.029306
3.500000,0.028355
3.533333,0.027436
3.566667,0.026546
3.600000,0.025684
3.633333,0.024848
3.666667,0.024038
3.700000,0.023253
3.733333,0.022490
3.766667,0.021750
3.800000,0.021032
3.833333,0.020335
3.866667,0.019659
3.900000,0.019003
3.933333,0.018367
3.966667,0.017751
4.000000,0.017155
4.033333,0.016578
4.066667,0.016020
4.100000,0.015481
4.133333,0.014961
4.166667,0.014458
4.200000,0.013974
4.233333,0.013507
4.266667,0.013056
4.300000,0.012622
4.333333,0.012203
4.366667,0.011799
4.400000,0.011408
4.433333,0.011031
4.466667,0.010666
4.500000,0.010313
4.533333,0.009970
4.566667,0.009639
4.600000,0.009317
4.633333,0.009004
4.666667,0.008700
4.700000,0.008405
4.733333,0.008117
4.766667,0.007838
4.800000,0.007567
4.833333,0.007303
4.866667,0.007047
4.900000,0.006799
4.933333,0.006558
4.966667,0.006326
5.000000,0.006101
5.033333,0.005884
5.066667,0.005675
5.100000,0.005474
5.133333,0.005280
5.166667,0.005095
5.200000,0.004917
5.233333,0.004746
5.266667,0.004583
5.300000,0.004427
5.333333,0.004277
5.366667,0.004135
5.400000,0.003998
5.433333,0.003868
5.466667,0.003743
5.500000,0.003623
5.533333,0.003508
5.566667,0.003398
5.600000,0.003292
5.633333,0.003190
5.666667,0.003091
5.700000,0.002996
5.733333,0.002904
5.766667,0.002816
5.800000,0.002729
5.833333,0.002646
5.866667,0.002564
5.900000,0.002485
5.933333,0.002408
5.966667,0.002332
6.000000,0.002258
6.033333,0.002186
6.066667,0.002115
6.100000,0.002046
6.133333,0.001977
6.166667,0.001910
6.200000,0.001844
6.233333,0.001779
6.266667,0.001715
6.300000,0.001652
6.333333,0.001591
6.366667,0.001531
6.400000,0.001473
6.433333,0.001417
6.466667,0.001363
6.500000,0.001311
6.533333,0.001262
6.566667,0.001215
6.600000,0.001172
6.633333,0.001132
6.666667,0.001095
6.700000,0.001062
6.733333,0.001032
6.766667,0.001005
6.800000,0.000982
6.833333,0.000961
6.866667,0.000944
6.900000,0.000928
6.933333,0.000915
6.966667,0.000902
7.000000,0.000891
7.033333,0.000879
7.066667,0.000868
7.100000,0.000856
7.133333,0.000843
7.166667,0.000829
7.200000,0.000814
7.233333,0.000797
7.266667,0.000779
7.300000,0.000759
7.333333,0.000739
7.366667,0.000718
7.400000,0.000697
7.433333,0.000676
7.466667,0.000656
7.500000,0.000637
7.533333,0.000620
7.566667,0.000604
7.600000,0.000590
7.633333,0.000579
7.666667,0.000569
7.700000,0.000560
7.733333,0.000553
7.766667,0.000547
7.800000,0.000542
7.833333,0.000536
7.866667,0.000529
7.900000,0.000521
7.933333,0.000512
7.966667,0.000500
8.000000,0.000486
8.033333,0.000470
8.066667,0.000452
8.100000,0.000431
8.133333,0.000408
8.166667,0.000384
8.200000,0.000357
8.233333,0.000330
8.266667,0.000302
8.300000,0.000274
8.333333,0.000245
8.366667,0.000217
8.400000,0.000189
8.433333,0.000161
8.466667,0.000135
8.500000,0.000109
8.533333,0.000085
8.566667,0.000062
8.600000,0.000041
8.633333,0.000022
8.666667,0.000006
8.700000,-0.000007
8.733333,-0.000017
8.766667,-0.000023
8.800000,-0.000025
8.833333,-0.000022
8.866667,-0.000014
8.900000,-0.000001
8.933333,0.000017
8.966667,0.000038
9.000000,0.000063
9.033333,0.000089
9.066667,0.000115
9.100000,0.000140
9.133333,0.000162
9.166667,0.000179
9.200000,0.000190
9.233333,0.000196
9.266667,0.000195
9.300000,0.000189
9.333333,0.000178
9.366667,0.000163
9.400000,0.000144
9.433333,0.000122
9.466667,0.000096
9.500000,0.000066
9.533333,0.000035
9.566667,0.000004
9.600000,-0.000021
9.633333,-0.000038
9.666667,-0.000045
9.700000,-0.000041
9.733333,-0.000033
9.766667,-0.000026
9.800000,-0.000023
9.833333,-0.000021
9.866667,-0.000013
9.900000,-0.000004
9.933333,-0.000003
9.966667,0.000000
10.000000,0.000000
